model,fp_cost,fn_cost,threshold,precision,recall,f1,roc_auc,flagged_rate,fp,fn,business_cost
Logistic Regression,1,2,0.45000000000000007,0.6019736842105263,0.6535714285714286,0.6267123287671232,0.8454321612665685,0.2878787878787879,121,97,315
Random Forest,1,2,0.5900000000000002,0.5606469002695418,0.7428571428571429,0.6390168970814132,0.8433035714285714,0.35132575757575757,163,72,307
Logistic Regression,1,3,0.27,0.5112107623318386,0.8142857142857143,0.628099173553719,0.8454321612665685,0.42234848484848486,218,52,374
Random Forest,1,3,0.5200000000000001,0.5280373831775701,0.8071428571428572,0.6384180790960452,0.8433035714285714,0.4053030303030303,202,54,364
Logistic Regression,1,5,0.17000000000000004,0.44912280701754387,0.9142857142857143,0.6023529411764705,0.8454321612665685,0.5397727272727273,314,24,434
Random Forest,1,5,0.36000000000000004,0.4490161001788909,0.8964285714285715,0.5983313468414779,0.8433035714285714,0.5293560606060606,308,29,453
Logistic Regression,1,10,0.09000000000000001,0.3915574963609898,0.9607142857142857,0.5563598759048604,0.8454321612665685,0.6505681818181818,418,11,528
Random Forest,1,10,0.24000000000000005,0.39821693907875183,0.9571428571428572,0.5624344176285414,0.8433035714285714,0.6373106060606061,405,12,525
Logistic Regression,1,20,0.060000000000000005,0.36100131752305664,0.9785714285714285,0.5274302213666987,0.8454321612665685,0.71875,485,6,605
Random Forest,1,20,0.22000000000000003,0.38571428571428573,0.9642857142857143,0.5510204081632653,0.8433035714285714,0.6628787878787878,430,10,630
