transformed_feature,coefficient,odds_multiplier,absolute_coefficient,direction
num__tenure,-1.3241719874923696,0.2660231384066522,1.3241719874923696,Lower predicted churn
cat__Contract_Two year,-0.7470536834934013,0.47376034638285963,0.7470536834934013,Lower predicted churn
num__TotalCharges,0.6461327431791957,1.9081472463335545,0.6461327431791957,Higher predicted churn
cat__Contract_Month-to-month,0.5845354584583158,1.7941573314086243,0.5845354584583158,Higher predicted churn
cat__InternetService_DSL,-0.5330085949088208,0.5868367570148518,0.5330085949088208,Lower predicted churn
cat__InternetService_Fiber optic,0.4934607519986222,1.6379750478280197,0.4934607519986222,Higher predicted churn
num__MonthlyCharges,-0.42276128478840497,0.6552350290126185,0.42276128478840497,Lower predicted churn
cat__PaperlessBilling_No,-0.35995401311373043,0.6977084107706231,0.35995401311373043,Lower predicted churn
cat__Dependents_Yes,-0.2857327186756603,0.7514634412510343,0.2857327186756603,Lower predicted churn
cat__InternetService_No,-0.26869840236646036,0.7643737542029498,0.26869840236646036,Lower predicted churn
cat__OnlineSecurity_No internet service,-0.26869840236646036,0.7643737542029498,0.26869840236646036,Lower predicted churn
cat__DeviceProtection_No internet service,-0.26869840236646036,0.7643737542029498,0.26869840236646036,Lower predicted churn
cat__StreamingTV_No internet service,-0.26869840236646036,0.7643737542029498,0.26869840236646036,Lower predicted churn
cat__OnlineBackup_No internet service,-0.26869840236646036,0.7643737542029498,0.26869840236646036,Lower predicted churn
cat__TechSupport_No internet service,-0.26869840236646036,0.7643737542029498,0.26869840236646036,Lower predicted churn
cat__StreamingMovies_No internet service,-0.26869840236646036,0.7643737542029498,0.26869840236646036,Lower predicted churn
cat__MultipleLines_No,-0.26475955622289415,0.7673904420513828,0.26475955622289415,Lower predicted churn
cat__PaymentMethod_Credit card (automatic),-0.2224194079290067,0.8005795245122591,0.2224194079290067,Lower predicted churn
cat__StreamingMovies_No,-0.21502204963402624,0.8065236564298073,0.21502204963402624,Lower predicted churn
cat__OnlineSecurity_Yes,-0.20154642755693486,0.8174656237472653,0.20154642755693486,Lower predicted churn
cat__PaymentMethod_Electronic check,0.19177167881425472,1.2113938984958645,0.19177167881425472,Higher predicted churn
cat__PaymentMethod_Bank transfer (automatic),-0.18726350202024192,0.8292252050781743,0.18726350202024192,Lower predicted churn
cat__PhoneService_Yes,-0.17946848885248887,0.8357142848443567,0.17946848885248887,Lower predicted churn
cat__StreamingMovies_Yes,0.175474206723809,1.1918112475381315,0.175474206723809,Higher predicted churn
cat__TechSupport_Yes,-0.1730760993358739,0.841073607266253,0.1730760993358739,Lower predicted churn
cat__StreamingTV_No,-0.17017799038299034,0.8435146657356632,0.17017799038299034,Lower predicted churn
cat__gender_Female,-0.16735213120675285,0.8459016905035841,0.16735213120675285,Lower predicted churn
cat__OnlineSecurity_No,0.16199858464672098,1.1758585770645291,0.16199858464672098,Higher predicted churn
cat__Partner_Yes,-0.15627863366273143,0.8553208359884412,0.15627863366273143,Lower predicted churn
cat__Partner_No,-0.15196761161393205,0.8590161024357355,0.15196761161393205,Lower predicted churn
cat__Contract_One year,-0.1457280202415475,0.8643927685530818,0.1457280202415475,Lower predicted churn
cat__gender_Male,-0.1408941140699124,0.8685812773650573,0.1408941140699124,Lower predicted churn
cat__TechSupport_No,0.13352825642565197,1.1428535586354824,0.13352825642565197,Higher predicted churn
cat__StreamingTV_Yes,0.13063014747278512,1.139546239306122,0.13063014747278512,Higher predicted churn
cat__MultipleLines_No phone service,-0.12877775642416706,0.8791693335715903,0.12877775642416706,Lower predicted churn
cat__PhoneService_No,-0.12877775642416706,0.8791693335715903,0.12877775642416706,Lower predicted churn
cat__PaymentMethod_Mailed check,-0.09033501414167538,0.9136250566812107,0.09033501414167538,Lower predicted churn
cat__MultipleLines_Yes,0.08529106737039137,1.0890340028347492,0.08529106737039137,Higher predicted churn
cat__OnlineBackup_Yes,-0.08143588183969441,0.9217918115542625,0.08143588183969441,Lower predicted churn
num__SeniorCitizen,0.05222052604622385,1.0536080649166784,0.05222052604622385,Higher predicted churn
cat__PaperlessBilling_Yes,0.05170776783706588,1.0530679572163197,0.05170776783706588,Higher predicted churn
cat__OnlineBackup_No,0.04188803892947754,1.0427777217047243,0.04188803892947754,Higher predicted churn
cat__Dependents_No,-0.02251352660099364,0.9777380116319284,0.02251352660099364,Lower predicted churn
cat__DeviceProtection_No,-0.020732265893224473,0.9794811699833761,0.020732265893224473,Lower predicted churn
cat__DeviceProtection_Yes,-0.01881557701697603,0.9813603309545543,0.01881557701697603,Lower predicted churn
