threshold,accuracy,precision,recall,f1,roc_auc,tn,fp,fn,tp,flagged_count,flagged_rate,business_cost
0.1,0.6070075757575758,0.3988005997001499,0.95,0.5617740232312566,0.8454321612665685,375,401,14,266,667,0.6316287878787878,471
0.11,0.6193181818181818,0.4058641975308642,0.9392857142857143,0.5668103448275862,0.8454321612665685,391,385,17,263,648,0.6136363636363636,470
0.12,0.6316287878787878,0.41390205371248023,0.9357142857142857,0.5739320920043811,0.8454321612665685,405,371,18,262,633,0.5994318181818182,461
0.13,0.6429924242424242,0.42164781906300486,0.9321428571428572,0.5806451612903226,0.8454321612665685,418,358,19,261,619,0.5861742424242424,453
0.13999999999999999,0.6581439393939394,0.4323873121869783,0.925,0.5893060295790671,0.8454321612665685,436,340,21,259,599,0.5672348484848485,445
0.14999999999999997,0.6676136363636364,0.4395229982964225,0.9214285714285714,0.5951557093425606,0.8454321612665685,447,329,22,258,587,0.5558712121212122,439
0.15999999999999998,0.6742424242424242,0.444636678200692,0.9178571428571428,0.5990675990675991,0.8454321612665685,455,321,23,257,578,0.5473484848484849,436
0.16999999999999998,0.6799242424242424,0.44912280701754387,0.9142857142857143,0.6023529411764705,0.8454321612665685,462,314,24,256,570,0.5397727272727273,434
0.17999999999999997,0.6856060606060606,0.45323741007194246,0.9,0.6028708133971292,0.8454321612665685,472,304,28,252,556,0.5265151515151515,444
0.18999999999999995,0.696969696969697,0.4628252788104089,0.8892857142857142,0.60880195599022,0.8454321612665685,487,289,31,249,538,0.509469696969697,444
0.19999999999999996,0.7073863636363636,0.4720616570327553,0.875,0.6132665832290363,0.8454321612665685,502,274,35,245,519,0.4914772727272727,449
0.20999999999999996,0.7121212121212122,0.4763779527559055,0.8642857142857143,0.6142131979695431,0.8454321612665685,510,266,38,242,508,0.4810606060606061,456
0.21999999999999995,0.7206439393939394,0.48484848484848486,0.8571428571428571,0.6193548387096774,0.8454321612665685,521,255,40,240,495,0.46875,455
0.22999999999999995,0.7225378787878788,0.4867075664621677,0.85,0.6189856957087126,0.8454321612665685,525,251,42,238,489,0.4630681818181818,461
0.23999999999999994,0.7272727272727273,0.49166666666666664,0.8428571428571429,0.6210526315789474,0.8454321612665685,532,244,44,236,480,0.45454545454545453,464
0.24999999999999992,0.7310606060606061,0.4957627118644068,0.8357142857142857,0.6223404255319149,0.8454321612665685,538,238,46,234,472,0.44696969696969696,468
0.2599999999999999,0.7386363636363636,0.5043668122270742,0.825,0.6260162601626016,0.8454321612665685,549,227,49,231,458,0.4337121212121212,472
0.2699999999999999,0.7443181818181818,0.5112107623318386,0.8142857142857143,0.628099173553719,0.8454321612665685,558,218,52,228,446,0.42234848484848486,478
0.2799999999999999,0.7443181818181818,0.5113636363636364,0.8035714285714286,0.625,0.8454321612665685,561,215,55,225,440,0.4166666666666667,490
0.2899999999999999,0.7471590909090909,0.5149425287356322,0.8,0.6265734265734266,0.8454321612665685,565,211,56,224,435,0.4119318181818182,491
0.29999999999999993,0.75,0.5187793427230047,0.7892857142857143,0.6260623229461756,0.8454321612665685,571,205,59,221,426,0.4034090909090909,500
0.30999999999999994,0.7509469696969697,0.5202863961813843,0.7785714285714286,0.6237482117310443,0.8454321612665685,575,201,62,218,419,0.39678030303030304,511
0.3199999999999999,0.7528409090909091,0.5231143552311436,0.7678571428571429,0.622286541244573,0.8454321612665685,580,196,65,215,411,0.38920454545454547,521
0.32999999999999985,0.7537878787878788,0.5245098039215687,0.7642857142857142,0.622093023255814,0.8454321612665685,582,194,66,214,408,0.38636363636363635,524
0.33999999999999986,0.7556818181818182,0.5275,0.7535714285714286,0.6205882352941177,0.8454321612665685,587,189,69,211,400,0.3787878787878788,534
0.34999999999999987,0.759469696969697,0.5331632653061225,0.7464285714285714,0.6220238095238095,0.8454321612665685,593,183,71,209,392,0.3712121212121212,538
0.3599999999999999,0.7623106060606061,0.537467700258398,0.7428571428571429,0.623688155922039,0.8454321612665685,597,179,72,208,387,0.3664772727272727,539
0.3699999999999999,0.7632575757575758,0.5394736842105263,0.7321428571428571,0.6212121212121212,0.8454321612665685,601,175,75,205,380,0.35984848484848486,550
0.3799999999999999,0.7651515151515151,0.5432432432432432,0.7178571428571429,0.6184615384615385,0.8454321612665685,607,169,79,201,370,0.3503787878787879,564
0.3899999999999999,0.7689393939393939,0.55,0.7071428571428572,0.61875,0.8454321612665685,614,162,82,198,360,0.3409090909090909,572
0.3999999999999998,0.7736742424242424,0.5577464788732395,0.7071428571428572,0.6236220472440945,0.8454321612665685,619,157,82,198,355,0.33617424242424243,567
0.4099999999999998,0.7765151515151515,0.5635838150289018,0.6964285714285714,0.6230031948881789,0.8454321612665685,625,151,85,195,346,0.32765151515151514,576
0.4199999999999998,0.7793560606060606,0.56973293768546,0.6857142857142857,0.6223662884927067,0.8454321612665685,631,145,88,192,337,0.3191287878787879,585
0.4299999999999998,0.7821969696969697,0.5757575757575758,0.6785714285714286,0.6229508196721312,0.8454321612665685,636,140,90,190,330,0.3125,590
0.43999999999999984,0.7859848484848485,0.584375,0.6678571428571428,0.6233333333333333,0.8454321612665685,643,133,93,187,320,0.30303030303030304,598
0.44999999999999984,0.7935606060606061,0.6019736842105263,0.6535714285714286,0.6267123287671232,0.8454321612665685,655,121,97,183,304,0.2878787878787879,606
0.45999999999999985,0.7869318181818182,0.5938566552901023,0.6214285714285714,0.6073298429319371,0.8454321612665685,657,119,106,174,293,0.2774621212121212,649
0.46999999999999986,0.7945075757575758,0.6120996441281139,0.6142857142857143,0.6131907308377896,0.8454321612665685,667,109,108,172,281,0.26609848484848486,649
0.47999999999999976,0.7992424242424242,0.6231884057971014,0.6142857142857143,0.6187050359712231,0.8454321612665685,672,104,108,172,276,0.26136363636363635,644
0.48999999999999977,0.8058712121212122,0.6425855513307985,0.6035714285714285,0.6224677716390423,0.8454321612665685,682,94,111,169,263,0.2490530303030303,649
0.4999999999999998,0.8058712121212122,0.6459143968871596,0.5928571428571429,0.6182495344506518,0.8454321612665685,685,91,114,166,257,0.24337121212121213,661
0.5099999999999998,0.8058712121212122,0.6518218623481782,0.575,0.6110056925996205,0.8454321612665685,690,86,119,161,247,0.23390151515151514,681
0.5199999999999998,0.8068181818181818,0.6596638655462185,0.5607142857142857,0.6061776061776062,0.8454321612665685,695,81,123,157,238,0.22537878787878787,696
0.5299999999999998,0.8058712121212122,0.6637554585152838,0.5428571428571428,0.5972495088408645,0.8454321612665685,699,77,128,152,229,0.2168560606060606,717
0.5399999999999998,0.8068181818181818,0.6711711711711712,0.5321428571428571,0.5936254980079682,0.8454321612665685,703,73,131,149,222,0.21022727272727273,728
0.5499999999999998,0.8087121212121212,0.6839622641509434,0.5178571428571429,0.5894308943089431,0.8454321612665685,709,67,135,145,212,0.20075757575757575,742
0.5599999999999997,0.8087121212121212,0.693069306930693,0.5,0.5809128630705395,0.8454321612665685,714,62,140,140,202,0.19128787878787878,762
0.5699999999999997,0.8068181818181818,0.7,0.475,0.5659574468085107,0.8454321612665685,719,57,147,133,190,0.17992424242424243,792
0.5799999999999997,0.8049242424242424,0.7032967032967034,0.45714285714285713,0.5541125541125541,0.8454321612665685,722,54,152,128,182,0.17234848484848486,814
0.5899999999999997,0.8087121212121212,0.7294117647058823,0.44285714285714284,0.5511111111111111,0.8454321612665685,730,46,156,124,170,0.16098484848484848,826
0.5999999999999998,0.8020833333333334,0.7232704402515723,0.4107142857142857,0.5239179954441914,0.8454321612665685,732,44,165,115,159,0.15056818181818182,869
0.6099999999999998,0.7992424242424242,0.7297297297297297,0.38571428571428573,0.5046728971962616,0.8454321612665685,736,40,172,108,148,0.14015151515151514,900
0.6199999999999998,0.7964015151515151,0.7338129496402878,0.36428571428571427,0.48687350835322196,0.8454321612665685,739,37,178,102,139,0.13162878787878787,927
0.6299999999999997,0.7954545454545454,0.7388059701492538,0.3535714285714286,0.4782608695652174,0.8454321612665685,741,35,181,99,134,0.1268939393939394,940
0.6399999999999997,0.7935606060606061,0.7421875,0.3392857142857143,0.46568627450980393,0.8454321612665685,743,33,185,95,128,0.12121212121212122,958
0.6499999999999997,0.790719696969697,0.7478991596638656,0.31785714285714284,0.44611528822055135,0.8454321612665685,746,30,191,89,119,0.11268939393939394,985
0.6599999999999997,0.7831439393939394,0.7339449541284404,0.2857142857142857,0.41131105398457585,0.8454321612665685,747,29,200,80,109,0.10321969696969698,1029
0.6699999999999997,0.78125,0.7333333333333333,0.275,0.4,0.8454321612665685,748,28,203,77,105,0.09943181818181818,1043
0.6799999999999997,0.7727272727272727,0.7083333333333334,0.24285714285714285,0.3617021276595745,0.8454321612665685,748,28,212,68,96,0.09090909090909091,1088
0.6899999999999997,0.7679924242424242,0.7011494252873564,0.21785714285714286,0.33242506811989103,0.8454321612665685,750,26,219,61,87,0.08238636363636363,1121
0.6999999999999996,0.7679924242424242,0.7333333333333333,0.19642857142857142,0.30985915492957744,0.8454321612665685,756,20,225,55,75,0.07102272727272728,1145
0.7099999999999996,0.7623106060606061,0.7377049180327869,0.16071428571428573,0.26392961876832843,0.8454321612665685,760,16,235,45,61,0.05776515151515151,1191
0.7199999999999996,0.7604166666666666,0.7647058823529411,0.1392857142857143,0.23564954682779457,0.8454321612665685,764,12,241,39,51,0.048295454545454544,1217
0.7299999999999996,0.7537878787878788,0.7272727272727273,0.11428571428571428,0.19753086419753085,0.8454321612665685,764,12,248,32,44,0.041666666666666664,1252
0.7399999999999997,0.7481060606060606,0.7058823529411765,0.08571428571428572,0.15286624203821655,0.8454321612665685,766,10,256,24,34,0.032196969696969696,1290
0.7499999999999997,0.7462121212121212,0.7142857142857143,0.07142857142857142,0.12987012987012986,0.8454321612665685,768,8,260,20,28,0.026515151515151516,1308
0.7599999999999997,0.7462121212121212,0.7307692307692307,0.06785714285714285,0.12418300653594772,0.8454321612665685,769,7,261,19,26,0.02462121212121212,1312
0.7699999999999997,0.7452651515151515,0.7619047619047619,0.05714285714285714,0.10631229235880399,0.8454321612665685,771,5,264,16,21,0.019886363636363636,1325
0.7799999999999997,0.7414772727272727,0.7058823529411765,0.04285714285714286,0.08080808080808081,0.8454321612665685,771,5,268,12,17,0.016098484848484848,1345
0.7899999999999996,0.7376893939393939,0.6363636363636364,0.025,0.048109965635738834,0.8454321612665685,772,4,273,7,11,0.010416666666666666,1369
0.7999999999999996,0.7367424242424242,0.6666666666666666,0.014285714285714285,0.027972027972027972,0.8454321612665685,774,2,276,4,6,0.005681818181818182,1382
0.8099999999999996,0.7367424242424242,0.75,0.010714285714285714,0.02112676056338028,0.8454321612665685,775,1,277,3,4,0.003787878787878788,1386
0.8199999999999996,0.7348484848484849,0.5,0.0035714285714285713,0.0070921985815602835,0.8454321612665685,775,1,279,1,2,0.001893939393939394,1396
0.8299999999999996,0.7348484848484849,0.0,0.0,0.0,0.8454321612665685,776,0,280,0,0,0.0,1400
0.8399999999999996,0.7348484848484849,0.0,0.0,0.0,0.8454321612665685,776,0,280,0,0,0.0,1400
0.8499999999999996,0.7348484848484849,0.0,0.0,0.0,0.8454321612665685,776,0,280,0,0,0.0,1400
0.8599999999999995,0.7348484848484849,0.0,0.0,0.0,0.8454321612665685,776,0,280,0,0,0.0,1400
0.8699999999999996,0.7348484848484849,0.0,0.0,0.0,0.8454321612665685,776,0,280,0,0,0.0,1400
0.8799999999999996,0.7348484848484849,0.0,0.0,0.0,0.8454321612665685,776,0,280,0,0,0.0,1400
0.8899999999999996,0.7348484848484849,0.0,0.0,0.0,0.8454321612665685,776,0,280,0,0,0.0,1400
0.8999999999999996,0.7348484848484849,0.0,0.0,0.0,0.8454321612665685,776,0,280,0,0,0.0,1400
