feature,mean_auc_drop,std_auc_drop
tenure,0.18404800257731957,0.012771247353424157
Contract,0.03778810751104568,0.005861448064873533
InternetService,0.03714715267550321,0.005403875686810663
TotalCharges,0.02273180535100639,0.004902494095000457
MonthlyCharges,0.01623097692685323,0.00365508028648706
StreamingTV,0.004661956921944044,0.0016824457522945627
MultipleLines,0.0035205725331369825,0.0019511337346451473
TechSupport,0.0035064586401571027,0.001501886678104231
StreamingMovies,0.003441642120765842,0.0020586157743672845
OnlineSecurity,0.002896109474717734,0.0020336189150373246
PaperlessBilling,0.0022805443053510364,0.002155128718649793
PaymentMethod,0.0012816028473245182,0.001892333048820112
DeviceProtection,0.0005441519391262103,0.00098834139053343
OnlineBackup,0.00041574619538538397,0.0013604504210723478
PhoneService,0.0003995612420226243,0.000140849505847986
SeniorCitizen,0.0002657093765341216,0.0008226830049115761
Partner,-2.4085665193884774e-05,3.3477903113761954e-05
gender,-2.50061364751993e-05,0.00015442001231845675
Dependents,-0.001893792955326449,0.0013320862504467084
