bootstrap_sample,logistic_cost,random_forest_cost,cost_difference_lr_minus_rf
1,475,485,-10
2,452,486,-34
3,428,484,-56
4,426,464,-38
5,457,477,-20
6,420,486,-66
7,458,452,6
8,453,447,6
9,492,512,-20
10,400,429,-29
11,449,495,-46
12,417,433,-16
13,415,431,-16
14,450,475,-25
15,449,487,-38
16,441,491,-50
17,428,481,-53
18,403,450,-47
19,435,439,-4
20,481,513,-32
21,401,446,-45
22,479,523,-44
23,444,463,-19
24,446,458,-12
25,460,533,-73
26,461,489,-28
27,495,523,-28
28,435,478,-43
29,442,476,-34
30,432,487,-55
31,473,467,6
32,440,447,-7
33,436,471,-35
34,513,548,-35
35,441,447,-6
36,473,471,2
37,437,442,-5
38,461,459,2
39,437,496,-59
40,376,380,-4
41,448,493,-45
42,438,474,-36
43,426,453,-27
44,441,478,-37
45,438,465,-27
46,441,453,-12
47,444,476,-32
48,419,459,-40
49,441,439,2
50,453,475,-22
51,437,488,-51
52,440,487,-47
53,463,479,-16
54,423,456,-33
55,456,489,-33
56,405,452,-47
57,462,486,-24
58,478,481,-3
59,457,471,-14
60,454,461,-7
61,465,470,-5
62,437,461,-24
63,483,510,-27
64,449,475,-26
65,418,431,-13
66,479,524,-45
67,447,498,-51
68,427,462,-35
69,429,471,-42
70,481,494,-13
71,402,432,-30
72,400,446,-46
73,438,449,-11
74,462,479,-17
75,462,461,1
76,398,452,-54
77,493,514,-21
78,426,433,-7
79,494,494,0
80,447,482,-35
81,426,455,-29
82,446,514,-68
83,442,483,-41
84,462,508,-46
85,485,467,18
86,469,505,-36
87,422,435,-13
88,457,489,-32
89,435,441,-6
90,475,502,-27
91,451,512,-61
92,462,506,-44
93,443,488,-45
94,464,473,-9
95,449,484,-35
96,434,478,-44
97,450,480,-30
98,444,481,-37
99,424,494,-70
100,453,458,-5
101,407,421,-14
102,527,552,-25
103,441,495,-54
104,446,498,-52
105,456,487,-31
106,450,485,-35
107,470,506,-36
108,399,402,-3
109,489,520,-31
110,537,522,15
111,473,498,-25
112,475,500,-25
113,440,479,-39
114,450,478,-28
115,410,435,-25
116,456,469,-13
117,439,451,-12
118,503,516,-13
119,433,432,1
120,410,453,-43
121,476,467,9
122,453,481,-28
123,516,484,32
124,396,426,-30
125,442,474,-32
126,437,460,-23
127,445,483,-38
128,417,439,-22
129,476,527,-51
130,437,448,-11
131,503,519,-16
132,369,404,-35
133,418,426,-8
134,417,477,-60
135,495,515,-20
136,393,437,-44
137,418,481,-63
138,469,477,-8
139,442,435,7
140,430,452,-22
141,429,468,-39
142,399,423,-24
143,460,501,-41
144,559,563,-4
145,457,468,-11
146,385,408,-23
147,445,489,-44
148,445,517,-72
149,440,468,-28
150,477,463,14
151,459,508,-49
152,452,483,-31
153,437,443,-6
154,434,474,-40
155,470,489,-19
156,491,534,-43
157,421,465,-44
158,370,433,-63
159,442,483,-41
160,377,412,-35
161,487,509,-22
162,491,509,-18
163,435,446,-11
164,425,438,-13
165,447,488,-41
166,447,453,-6
167,429,438,-9
168,440,481,-41
169,422,469,-47
170,450,507,-57
171,462,492,-30
172,466,501,-35
173,431,424,7
174,461,474,-13
175,454,454,0
176,392,431,-39
177,480,492,-12
178,469,501,-32
179,484,518,-34
180,435,479,-44
181,495,523,-28
182,458,445,13
183,471,491,-20
184,434,477,-43
185,448,451,-3
186,405,483,-78
187,470,542,-72
188,450,456,-6
189,494,519,-25
190,434,454,-20
191,423,466,-43
192,417,454,-37
193,424,447,-23
194,411,453,-42
195,438,447,-9
196,464,488,-24
197,481,519,-38
198,452,475,-23
199,398,429,-31
200,445,478,-33
201,425,482,-57
202,414,438,-24
203,419,475,-56
204,483,492,-9
205,473,473,0
206,410,430,-20
207,434,456,-22
208,413,434,-21
209,474,519,-45
210,437,488,-51
211,441,480,-39
212,480,515,-35
213,428,475,-47
214,443,464,-21
215,465,485,-20
216,451,461,-10
217,422,450,-28
218,420,465,-45
219,456,497,-41
220,447,451,-4
221,519,527,-8
222,522,545,-23
223,429,425,4
224,460,473,-13
225,472,509,-37
226,451,474,-23
227,436,512,-76
228,485,458,27
229,459,478,-19
230,428,427,1
231,462,465,-3
232,409,406,3
233,458,480,-22
234,471,490,-19
235,496,542,-46
236,431,463,-32
237,448,457,-9
238,401,449,-48
239,461,508,-47
240,450,502,-52
241,435,493,-58
242,467,503,-36
243,436,483,-47
244,469,465,4
245,518,539,-21
246,443,486,-43
247,478,505,-27
248,432,451,-19
249,449,457,-8
250,445,496,-51
251,438,478,-40
252,413,456,-43
253,454,467,-13
254,412,456,-44
255,412,439,-27
256,443,504,-61
257,451,467,-16
258,488,505,-17
259,450,471,-21
260,434,470,-36
261,468,454,14
262,444,474,-30
263,462,487,-25
264,434,474,-40
265,435,480,-45
266,547,619,-72
267,441,473,-32
268,497,518,-21
269,471,510,-39
270,455,452,3
271,456,463,-7
272,466,489,-23
273,424,434,-10
274,477,510,-33
275,489,528,-39
276,449,470,-21
277,435,461,-26
278,462,505,-43
279,422,444,-22
280,429,467,-38
281,441,474,-33
282,403,430,-27
283,446,469,-23
284,413,457,-44
285,492,487,5
286,463,472,-9
287,489,491,-2
288,457,486,-29
289,433,479,-46
290,472,453,19
291,421,450,-29
292,430,438,-8
293,402,432,-30
294,453,473,-20
295,458,493,-35
296,503,513,-10
297,441,452,-11
298,443,497,-54
299,391,445,-54
300,454,483,-29
301,392,409,-17
302,477,524,-47
303,502,530,-28
304,404,442,-38
305,458,491,-33
306,429,482,-53
307,464,513,-49
308,460,473,-13
309,446,434,12
310,437,470,-33
311,459,464,-5
312,478,492,-14
313,467,459,8
314,451,448,3
315,489,504,-15
316,394,448,-54
317,461,482,-21
318,438,445,-7
319,454,494,-40
320,463,438,25
321,471,466,5
322,438,471,-33
323,448,491,-43
324,398,456,-58
325,451,456,-5
326,456,475,-19
327,444,507,-63
328,482,512,-30
329,524,538,-14
330,460,483,-23
331,454,455,-1
332,423,453,-30
333,437,447,-10
334,415,418,-3
335,451,503,-52
336,472,489,-17
337,394,429,-35
338,461,471,-10
339,431,454,-23
340,412,433,-21
341,496,519,-23
342,457,434,23
343,436,522,-86
344,462,516,-54
345,477,488,-11
346,479,493,-14
347,492,498,-6
348,494,541,-47
349,465,519,-54
350,440,476,-36
351,465,516,-51
352,522,519,3
353,429,448,-19
354,407,423,-16
355,500,557,-57
356,483,516,-33
357,488,480,8
358,439,445,-6
359,476,504,-28
360,425,427,-2
361,439,474,-35
362,457,492,-35
363,436,452,-16
364,516,528,-12
365,434,465,-31
366,498,522,-24
367,496,521,-25
368,369,397,-28
369,407,445,-38
370,472,501,-29
371,409,451,-42
372,445,463,-18
373,452,461,-9
374,425,476,-51
375,397,391,6
376,372,383,-11
377,427,461,-34
378,483,542,-59
379,443,480,-37
380,416,473,-57
381,411,448,-37
382,475,471,4
383,472,542,-70
384,469,487,-18
385,416,421,-5
386,443,452,-9
387,450,486,-36
388,445,483,-38
389,481,511,-30
390,474,514,-40
391,471,482,-11
392,461,469,-8
393,444,506,-62
394,439,453,-14
395,447,500,-53
396,448,466,-18
397,542,554,-12
398,441,449,-8
399,495,499,-4
400,411,461,-50
401,424,406,18
402,384,423,-39
403,444,465,-21
404,466,493,-27
405,449,501,-52
406,478,518,-40
407,394,418,-24
408,469,511,-42
409,468,487,-19
410,505,518,-13
411,448,509,-61
412,444,488,-44
413,445,462,-17
414,417,462,-45
415,440,470,-30
416,449,477,-28
417,463,505,-42
418,425,437,-12
419,462,499,-37
420,407,431,-24
421,475,498,-23
422,454,517,-63
423,449,448,1
424,504,510,-6
425,446,482,-36
426,422,469,-47
427,466,458,8
428,468,495,-27
429,466,480,-14
430,461,515,-54
431,423,480,-57
432,453,499,-46
433,421,443,-22
434,445,486,-41
435,458,446,12
436,420,448,-28
437,520,527,-7
438,418,467,-49
439,467,495,-28
440,443,462,-19
441,422,464,-42
442,435,465,-30
443,506,536,-30
444,452,446,6
445,497,536,-39
446,428,473,-45
447,403,454,-51
448,484,534,-50
449,472,494,-22
450,436,451,-15
451,476,525,-49
452,434,443,-9
453,452,490,-38
454,480,509,-29
455,471,489,-18
456,476,510,-34
457,446,462,-16
458,458,482,-24
459,499,475,24
460,452,506,-54
461,483,495,-12
462,428,455,-27
463,442,444,-2
464,481,534,-53
465,451,489,-38
466,483,488,-5
467,482,521,-39
468,507,553,-46
469,450,478,-28
470,475,519,-44
471,464,485,-21
472,456,480,-24
473,492,518,-26
474,506,484,22
475,471,448,23
476,429,448,-19
477,476,501,-25
478,419,419,0
479,505,490,15
480,460,492,-32
481,419,429,-10
482,521,534,-13
483,457,457,0
484,416,405,11
485,446,515,-69
486,473,487,-14
487,456,460,-4
488,451,474,-23
489,454,459,-5
490,377,434,-57
491,486,505,-19
492,454,455,-1
493,488,538,-50
494,453,466,-13
495,463,480,-17
496,440,496,-56
497,445,495,-50
498,427,487,-60
499,441,460,-19
500,480,470,10
501,434,451,-17
502,515,497,18
503,472,503,-31
504,446,514,-68
505,442,485,-43
506,459,481,-22
507,427,472,-45
508,486,488,-2
509,411,478,-67
510,503,496,7
511,459,493,-34
512,422,434,-12
513,424,490,-66
514,446,437,9
515,452,450,2
516,410,438,-28
517,413,439,-26
518,465,523,-58
519,429,465,-36
520,474,578,-104
521,449,473,-24
522,447,521,-74
523,435,465,-30
524,448,483,-35
525,482,550,-68
526,504,501,3
527,441,463,-22
528,452,488,-36
529,459,437,22
530,403,481,-78
531,365,414,-49
532,455,496,-41
533,472,507,-35
534,417,397,20
535,425,456,-31
536,503,513,-10
537,403,443,-40
538,449,486,-37
539,461,489,-28
540,416,460,-44
541,418,477,-59
542,452,504,-52
543,417,457,-40
544,494,514,-20
545,452,464,-12
546,427,491,-64
547,454,500,-46
548,459,488,-29
549,440,436,4
550,422,411,11
551,429,438,-9
552,407,450,-43
553,464,468,-4
554,441,475,-34
555,395,425,-30
556,494,525,-31
557,428,446,-18
558,494,525,-31
559,510,530,-20
560,414,433,-19
561,451,482,-31
562,468,491,-23
563,397,418,-21
564,428,431,-3
565,457,501,-44
566,389,420,-31
567,468,483,-15
568,457,473,-16
569,439,468,-29
570,467,490,-23
571,401,395,6
572,508,532,-24
573,421,475,-54
574,449,482,-33
575,451,451,0
576,478,507,-29
577,488,500,-12
578,466,474,-8
579,434,486,-52
580,453,485,-32
581,461,525,-64
582,449,462,-13
583,443,483,-40
584,452,464,-12
585,493,514,-21
586,467,478,-11
587,448,454,-6
588,421,473,-52
589,456,466,-10
590,423,450,-27
591,451,452,-1
592,470,486,-16
593,433,462,-29
594,418,481,-63
595,450,490,-40
596,443,438,5
597,432,449,-17
598,445,480,-35
599,444,472,-28
600,499,514,-15
601,500,513,-13
602,433,484,-51
603,438,434,4
604,430,420,10
605,490,500,-10
606,446,484,-38
607,488,456,32
608,447,484,-37
609,481,509,-28
610,440,446,-6
611,439,476,-37
612,438,478,-40
613,448,490,-42
614,450,462,-12
615,499,517,-18
616,438,464,-26
617,454,489,-35
618,431,487,-56
619,398,405,-7
620,461,499,-38
621,502,539,-37
622,433,441,-8
623,444,444,0
624,475,515,-40
625,489,549,-60
626,448,469,-21
627,462,485,-23
628,484,535,-51
629,441,485,-44
630,455,460,-5
631,431,482,-51
632,438,475,-37
633,524,531,-7
634,495,511,-16
635,452,472,-20
636,492,477,15
637,460,483,-23
638,413,440,-27
639,413,450,-37
640,441,479,-38
641,431,473,-42
642,418,481,-63
643,437,429,8
644,458,476,-18
645,376,430,-54
646,455,479,-24
647,497,506,-9
648,458,488,-30
649,421,494,-73
650,429,479,-50
651,484,472,12
652,464,509,-45
653,407,415,-8
654,426,434,-8
655,442,467,-25
656,423,487,-64
657,492,507,-15
658,491,545,-54
659,445,492,-47
660,437,420,17
661,439,454,-15
662,427,429,-2
663,461,481,-20
664,455,487,-32
665,517,558,-41
666,439,442,-3
667,427,467,-40
668,457,479,-22
669,458,461,-3
670,454,501,-47
671,454,474,-20
672,465,506,-41
673,486,489,-3
674,440,435,5
675,372,427,-55
676,449,508,-59
677,402,420,-18
678,480,500,-20
679,485,500,-15
680,462,477,-15
681,453,454,-1
682,433,452,-19
683,481,501,-20
684,441,462,-21
685,497,510,-13
686,483,466,17
687,438,445,-7
688,437,441,-4
689,448,494,-46
690,381,391,-10
691,411,422,-11
692,449,472,-23
693,483,518,-35
694,416,433,-17
695,489,513,-24
696,457,473,-16
697,435,458,-23
698,450,482,-32
699,457,490,-33
700,493,495,-2
701,410,438,-28
702,449,479,-30
703,433,449,-16
704,431,456,-25
705,465,527,-62
706,419,425,-6
707,450,454,-4
708,437,450,-13
709,452,490,-38
710,434,453,-19
711,476,494,-18
712,471,494,-23
713,425,453,-28
714,432,484,-52
715,445,495,-50
716,424,417,7
717,468,486,-18
718,464,511,-47
719,451,475,-24
720,487,514,-27
721,468,465,3
722,472,505,-33
723,452,473,-21
724,463,478,-15
725,492,513,-21
726,465,506,-41
727,480,485,-5
728,457,506,-49
729,426,486,-60
730,413,425,-12
731,462,478,-16
732,491,534,-43
733,437,455,-18
734,476,500,-24
735,433,466,-33
736,455,486,-31
737,433,440,-7
738,445,482,-37
739,454,491,-37
740,425,462,-37
741,471,440,31
742,450,460,-10
743,455,505,-50
744,418,457,-39
745,456,478,-22
746,450,459,-9
747,429,448,-19
748,458,460,-2
749,479,491,-12
750,510,492,18
751,427,452,-25
752,463,487,-24
753,412,454,-42
754,454,482,-28
755,494,514,-20
756,461,495,-34
757,453,468,-15
758,461,487,-26
759,385,388,-3
760,464,474,-10
761,421,436,-15
762,449,487,-38
763,414,490,-76
764,463,531,-68
765,473,484,-11
766,450,471,-21
767,448,473,-25
768,481,512,-31
769,466,498,-32
770,447,508,-61
771,463,509,-46
772,443,471,-28
773,482,480,2
774,458,474,-16
775,465,490,-25
776,460,452,8
777,491,514,-23
778,449,440,9
779,416,450,-34
780,430,466,-36
781,442,482,-40
782,454,468,-14
783,476,497,-21
784,474,543,-69
785,446,471,-25
786,418,424,-6
787,452,463,-11
788,500,537,-37
789,482,486,-4
790,421,440,-19
791,421,466,-45
792,494,534,-40
793,446,479,-33
794,454,462,-8
795,430,464,-34
796,500,530,-30
797,437,481,-44
798,441,484,-43
799,489,493,-4
800,461,513,-52
801,467,503,-36
802,432,495,-63
803,454,479,-25
804,420,461,-41
805,498,525,-27
806,432,473,-41
807,443,501,-58
808,483,516,-33
809,420,468,-48
810,426,477,-51
811,502,521,-19
812,423,440,-17
813,436,466,-30
814,431,473,-42
815,457,492,-35
816,447,449,-2
817,425,453,-28
818,466,526,-60
819,436,476,-40
820,432,443,-11
821,438,438,0
822,441,480,-39
823,489,514,-25
824,466,466,0
825,414,425,-11
826,417,414,3
827,451,502,-51
828,468,494,-26
829,406,420,-14
830,471,475,-4
831,499,518,-19
832,406,427,-21
833,438,479,-41
834,496,518,-22
835,365,411,-46
836,462,475,-13
837,396,416,-20
838,470,496,-26
839,453,482,-29
840,432,464,-32
841,431,472,-41
842,461,510,-49
843,481,527,-46
844,461,462,-1
845,438,495,-57
846,423,463,-40
847,452,494,-42
848,467,461,6
849,442,468,-26
850,450,469,-19
851,461,526,-65
852,499,491,8
853,487,487,0
854,404,427,-23
855,465,476,-11
856,414,415,-1
857,441,476,-35
858,432,439,-7
859,466,463,3
860,440,469,-29
861,448,470,-22
862,459,521,-62
863,444,458,-14
864,431,441,-10
865,430,460,-30
866,479,507,-28
867,453,450,3
868,428,421,7
869,457,487,-30
870,450,484,-34
871,399,431,-32
872,489,505,-16
873,473,500,-27
874,438,480,-42
875,490,508,-18
876,516,524,-8
877,468,490,-22
878,479,517,-38
879,433,468,-35
880,499,549,-50
881,454,498,-44
882,449,478,-29
883,477,477,0
884,401,454,-53
885,454,446,8
886,397,411,-14
887,500,475,25
888,460,503,-43
889,446,495,-49
890,443,454,-11
891,455,487,-32
892,501,535,-34
893,384,394,-10
894,388,408,-20
895,497,475,22
896,422,470,-48
897,415,481,-66
898,428,479,-51
899,416,464,-48
900,477,464,13
901,488,475,13
902,507,553,-46
903,441,438,3
904,362,408,-46
905,451,478,-27
906,460,473,-13
907,423,465,-42
908,475,485,-10
909,542,554,-12
910,443,473,-30
911,507,533,-26
912,415,449,-34
913,473,471,2
914,438,468,-30
915,428,428,0
916,430,446,-16
917,469,548,-79
918,419,446,-27
919,491,528,-37
920,463,480,-17
921,422,451,-29
922,415,425,-10
923,439,454,-15
924,452,507,-55
925,469,500,-31
926,444,509,-65
927,435,441,-6
928,466,534,-68
929,392,395,-3
930,410,417,-7
931,475,532,-57
932,414,441,-27
933,447,471,-24
934,447,466,-19
935,407,465,-58
936,428,427,1
937,412,432,-20
938,426,464,-38
939,438,482,-44
940,479,501,-22
941,453,497,-44
942,400,426,-26
943,405,415,-10
944,468,500,-32
945,424,443,-19
946,438,486,-48
947,437,492,-55
948,449,501,-52
949,484,511,-27
950,421,495,-74
951,426,448,-22
952,474,468,6
953,462,484,-22
954,443,497,-54
955,426,453,-27
956,428,447,-19
957,412,452,-40
958,493,474,19
959,473,488,-15
960,459,489,-30
961,518,554,-36
962,407,438,-31
963,425,452,-27
964,430,482,-52
965,451,470,-19
966,449,460,-11
967,462,498,-36
968,462,492,-30
969,498,505,-7
970,446,483,-37
971,442,445,-3
972,433,466,-33
973,438,486,-48
974,519,518,1
975,458,466,-8
976,447,483,-36
977,403,397,6
978,416,458,-42
979,403,420,-17
980,453,476,-23
981,431,450,-19
982,425,485,-60
983,441,476,-35
984,509,511,-2
985,448,451,-3
986,434,429,5
987,453,457,-4
988,419,411,8
989,491,498,-7
990,443,458,-15
991,493,508,-15
992,463,489,-26
993,413,451,-38
994,450,478,-28
995,451,473,-22
996,491,492,-1
997,514,574,-60
998,448,475,-27
999,440,516,-76
1000,403,450,-47
